MailingAddressID,StreetAddress,City,StateAbbr,Zipcode,ModifiedDate
6,10 Rabro Drive East,Hauppauge,NY,11788,1/1/2019
19,100 Clearview Court,Gurnee,IL,60031,1/2/2019
20,100 Colin Drive,Holbrook,NY,11741,1/3/2019
81,10031 Sanders Road NB5N,Northbrook,IL,60062,1/4/2019
21,101 Babcock Place,Yonkers,NY,10701,1/5/2019
22,101 Page Mill Road,Palo Alto,CA,94303,1/6/2019
82,10350 W Airways Avenue,Franklin,WI,53132,1/7/2019
83,10377 Horse Hill Road,Cedar Knolls,NJ,7927,1/8/2019
23,109 Orchard Street,East Rutherford,NJ,7073,1/9/2019
41,1100 Arcola Road,Collegeville,PA,19426,1/10/2019
40,1100 Orville Drive,Bohemia,NY,11716,1/11/2019
24,111 Cordier Street,Irvington,NJ,7111,1/12/2019
84,11460 E Rochelle Boulevard,Irving,TX,75062,1/13/2019
42,1150 Benton Road,North Havenhill,NH,3774,1/14/2019
85,11525 Powder Horn Drive,Warren,NJ,7059,1/15/2019
86,11531 Great Valley Parkway,Malvern,PA,19355,1/16/2019
87,12050 Hague Road,Indianapolis,IN,46256,1/17/2019
94,123 Benedict Place,Greenwich,CT,6836,1/18/2019
95,123 Cheshire Bridge Road,Atlanta,GA,30324,1/19/2019
91,123 Chestnut Street,Newark,NJ,7105,1/20/2019
99,123 Elm Hill Pike,Nashville,TN,37210,1/21/2019
96,123 Johns Creek Pky,Duluth,GA,30136,1/22/2019
97,123 Ralph Avenue,Copiague,NY,11726,1/23/2019
98,123 Rucker Road,Indianapolis,IN,46220,1/24/2019
93,123 Telegraph Road,Los Angeles,CA,90022,1/25/2019
92,123 W 38th Street,Chattanooga,TN,37409,1/26/2019
43,1237 West 109th Street,Lenexa,KS,66219,1/27/2019
44,1300 Concord Pike,Wilmington,DE,19850,1/28/2019
7,14 North Torrey Pines Court,La Jolla,CA,92037,1/29/2019
88,14433 Brandywine Parkway,West Chester,PA,19380,1/30/2019
25,145 Tabor Road,Morris Plains,NJ,7950,1/31/2019
45,1451 Washington Highway,Ashland,VA,23005,2/1/2019
46,1455 Science Center,Philadelphia,PA,19104,2/2/2019
47,1501 Biscayne Boulevard,Miami,FL,33137,2/3/2019
89,15049 River Road,Pennsauken,NJ,8110,2/4/2019
48,1515 Foster Avenue,Brooklyn,NY,11234,2/5/2019
49,1541 Lone Peak Parkway,Draper,UT,84020,2/6/2019
90,15501 Bluff Drive,Osage Beach,MO,65065,2/7/2019
50,1616 Spring Street,Murray Hill,NJ,7974,2/8/2019
51,1715 NW 103 Avenue,Sunrise,FL,33351,2/9/2019
52,1776 Quaker Road,Pomona,NY,10970,2/10/2019
53,1800 Hidden River Parkway,Tampa,FL,33637,2/11/2019
54,1800 Lake Cook Road,Deerfield,IL,60015,2/12/2019
8,19 Tri-State International  Suite 100,Lincolnshire,IL,60069,2/13/2019
1,2 Hollywood Court,South Plainfield,NJ,7080,2/14/2019
9,20 S Freeway,Fort Worth,TX,76134,2/15/2019
26,200 South Perry Avenue,Chicago,IL,60621,2/16/2019
27,201 West Fulton St  Suite 5,Gloversville,NY,12078,2/17/2019
28,208 North Fort Myer Drive,Arlington,VA,22209,2/18/2019
29,210 Regional Headquarters  180 Rustcraft Road,Dedham,MA,2026,2/19/2019
30,215 Luitpold Drive,Shirley,NY,11967,2/20/2019
55,2211 Spring Street,New Providence,NJ,7974,2/21/2019
100,2230 Kendra Lane,Helena,MT,58425,2/22/2019
56,2280 Morgan Lane,West Haven,CT,6516,2/23/2019
57,2525 South Beiger Street,Mishawaka,IN,46544,2/24/2019
31,257 Pines Boulevard  Suite 216,Pembroke Pines,FL,33024,2/25/2019
10,27 Route 94,Blairstown,NJ,7825,2/26/2019
32,280 Amgen Center,Thousand Oaks,CA,91320,2/27/2019
58,3240 Loveton Circle,Sparks,MD,21152,2/28/2019
11,33 North Lake Creek Drive,Jackson,WY,83001,3/1/2019
12,33 Village Lane,Wallingford,CT,6492,3/2/2019
59,3304 S Manhattan Avenue,Tampa,FL,33681,3/3/2019
13,34 North McDowell Boulevard,Petaluma,CA,94954,3/4/2019
14,35 Dupont Drive,Irvine,CA,92713,3/5/2019
60,3510 Becton Drive,Franklin Lakes,NJ,7417,3/6/2019
33,360 East Main Street,Little Falls,NJ,7424,3/7/2019
61,3700 Dr. Martin Luther King Drive,South Norwalk,CT,6856,3/8/2019
62,3850 Metropolitan Drive,Orange,CA,92668,3/9/2019
35,400 Bolsa Avenue,Westminster,CA,92683,3/10/2019
34,400 West Addison Street,Chicago,IL,60641,3/11/2019
63,4000 San Pablo Avenue,Richmond,CA,94804,3/12/2019
64,4001 Shields Drive,Waukegan,IL,60085,3/13/2019
36,430 SW 47th Avenue,Fort Lauderdale,FL,33314,3/14/2019
65,4400 H Runway Road,Levittown,PA,19057,3/15/2019
66,4503 Greensboro Drive  Suite 1000,Mclean,VA,22102,3/16/2019
67,4551 Cambridge Center,Cambridge,MA,2142,3/17/2019
37,500 Broadway  Suite 1900,New York,NY,10019,3/18/2019
68,5211 Fuller Road,Eden Prairie,MN,55334,3/19/2019
69,5220 Bird Center Drive,Palm Springs,CA,92262,3/20/2019
70,5555 Production Drive,Burlington,KY,41005,3/21/2019
71,5725 Connecticut Avenue,Norwalk,CT,6856,3/22/2019
72,5801 North Indianapolis Road,Columbus,IN,47202,3/23/2019
2,6 North Route 303,Congers,NY,10920,3/24/2019
73,6201 Pike Avenue,North Little Rock,AR,72118,3/25/2019
74,6320 Swift Drive,Oak Brook,IL,60521,3/26/2019
15,65 Williamsboro Street,Oxford,NC,27565,3/27/2019
5,7 Alfred Street,Woburn,MA,1801,3/28/2019
4,7 Veronica Ave,Somerset,NJ,8873,3/29/2019
3,7 Wilbur Street,Lynbrook,NY,11563,3/30/2019
75,7205 Cornelison Avenue,Jersey City,NJ,7307,3/31/2019
76,7462 Orchard Ridge Drive,Gaithersburg,MD,20878,4/1/2019
77,7900 Southridge Court #203,Hurst,TX,76053,4/2/2019
78,8180 MacKenan Drive,Carey,NC,27511,4/3/2019
16,83 Valley Boulevard,Los Angeles,CA,90032,4/4/2019
38,845 Rupp Drive,Burnsville,MN,7661,4/5/2019
79,8500 Dogwood Drive,Fort Worth,TX,76118,4/6/2019
17,90 N Fulton Industrial Boulevard,Alpharetta,GA,30201,4/7/2019
80,9051 Elijah McCoy Drive,Detroit,MI,48202,4/8/2019
18,95 Windsor Boulevard,Baltimore,MD,21244,4/9/2019
39,950 Audrey Avenue,Oyster Bay,NY,11771,4/10/2019
